id,date,type,amount,category,concept,ref_type,ref_id,client_id,notes,archived,deleted
T1,2025-01-20,income,450.00,sales,Q1 prototype batch - deposit,job,J1,CL1,50% upfront,,
T2,2025-01-20,expense,30.00,filament,PLA White restock - updated,,,Initial stock purchase,,,,
T3,2025-01-25,expense,18.00,filament,PETG Black purchase,,,50 units,,
T4,2025-02-05,income,120.00,sales,Marketing materials - final payment,job,J2,CL1,Completed job,,
T5,2025-02-10,expense,48.00,filament,PLA White bulk order,,,200 units,,
T6,2025-02-15,income,600.00,sales,Replacement parts - full payment,job,J4,CL3,Bulk order completed,,
T7,2025-02-20,expense,35.00,maintenance,Printer maintenance,,,Nozzle replacement,,
T8,2025-02-25,income,200.00,sales,Custom figurines - deposit,job,J3,CL2,25% upfront,,
T9,2025-03-01,expense,12.00,electric,Electricity bill,,,Monthly,,
T10,2025-04-15,expense,45.00,equipment,Nozzle set,,,,Replacement nozzles,,
